d,n,construction,time,size
3,21,canonical,201,441
3,21,shifted,89,441
3,22,canonical,222,484
3,22,shifted,102,484
3,23,canonical,243,529
3,23,shifted,104,529
3,24,canonical,266,576
3,24,shifted,117,576
3,25,canonical,289,625
3,25,shifted,119,625
3,26,canonical,314,676
3,26,shifted,134,676
3,27,canonical,339,729
3,27,shifted,136,729
3,28,canonical,366,784
3,28,shifted,151,784
3,29,canonical,393,841
3,29,shifted,153,841
3,30,canonical,422,900
3,30,shifted,170,900
3,31,canonical,451,961
3,31,shifted,172,961
3,32,canonical,482,1024
3,32,shifted,189,1024
3,32,recursive,83,1024
3,33,canonical,513,1089
3,33,shifted,191,1089
3,34,canonical,546,1156
3,34,shifted,210,1156
3,35,canonical,579,1225
3,35,shifted,212,1225
3,36,canonical,614,1296
3,36,shifted,231,1296
3,37,canonical,649,1369
3,37,shifted,233,1369
3,38,canonical,686,1444
3,38,shifted,254,1444
3,39,canonical,723,1521
3,39,shifted,256,1521
3,40,canonical,762,1600
3,40,shifted,277,1600
3,41,canonical,801,1681
3,41,shifted,279,1681
3,42,canonical,842,1764
3,42,shifted,302,1764
3,43,canonical,883,1849
3,43,shifted,304,1849
3,44,canonical,926,1936
3,44,shifted,327,1936
3,45,canonical,969,2025
3,45,shifted,329,2025
3,46,canonical,1014,2116
3,46,shifted,354,2116
3,47,canonical,1059,2209
3,47,shifted,356,2209
3,48,canonical,1106,2304
3,48,shifted,381,2304
3,49,canonical,1153,2401
3,49,shifted,383,2401
3,50,canonical,1202,2500
3,50,shifted,410,2500
3,51,canonical,1251,2601
3,51,shifted,412,2601
3,52,canonical,1302,2704
3,52,shifted,439,2704
3,53,canonical,1353,2809
3,53,shifted,441,2809
3,54,canonical,1406,2916
3,54,shifted,470,2916
3,55,canonical,1459,3025
3,55,shifted,472,3025
3,56,canonical,1514,3136
3,56,shifted,501,3136
3,57,canonical,1569,3249
3,57,shifted,503,3249
3,58,canonical,1626,3364
3,58,shifted,534,3364
3,59,canonical,1683,3481
3,59,shifted,536,3481
3,60,canonical,1742,3600
3,60,shifted,567,3600
3,61,canonical,1801,3721
3,61,shifted,569,3721
3,62,canonical,1862,3844
3,62,shifted,602,3844
3,63,canonical,1923,3969
3,63,shifted,604,3969
3,64,canonical,1986,4096
3,64,shifted,637,4096
3,64,recursive,177,4096
3,65,canonical,2049,4225
3,65,shifted,639,4225
3,66,canonical,2114,4356
3,66,shifted,674,4356
3,67,canonical,2179,4489
3,67,shifted,676,4489
3,68,canonical,2246,4624
3,68,shifted,711,4624
3,69,canonical,2313,4761
3,69,shifted,713,4761
3,70,canonical,2382,4900
3,70,shifted,750,4900
3,71,canonical,2451,5041
3,71,shifted,752,5041
3,72,canonical,2522,5184
3,72,shifted,789,5184
3,73,canonical,2593,5329
3,73,shifted,791,5329
3,74,canonical,2666,5476
3,74,shifted,830,5476
3,75,canonical,2739,5625
3,75,shifted,832,5625
3,76,canonical,2814,5776
3,76,shifted,871,5776
3,77,canonical,2889,5929
3,77,shifted,873,5929
3,78,canonical,2966,6084
3,78,shifted,914,6084
3,79,canonical,3043,6241
3,79,shifted,916,6241
3,80,canonical,3122,6400
3,80,shifted,957,6400
4,21,canonical,280,9261
4,21,shifted,231,9261
4,22,canonical,308,10648
4,22,shifted,255,10648
4,23,canonical,338,12167
4,23,shifted,276,12167
4,24,canonical,368,13824
4,24,shifted,302,13824
4,25,canonical,400,15625
4,25,shifted,325,15625
4,26,canonical,434,17576
4,26,shifted,353,17576
4,27,canonical,468,19683
4,27,shifted,378,19683
4,28,canonical,504,21952
4,28,shifted,408,21952
4,29,canonical,542,24389
4,29,shifted,435,24389
4,30,canonical,580,27000
4,30,shifted,467,27000
4,31,canonical,620,29791
4,31,shifted,496,29791
4,32,canonical,662,32768
4,32,shifted,530,32768
4,32,recursive,83,32768
4,33,canonical,704,35937
4,33,shifted,561,35937
4,34,canonical,748,39304
4,34,shifted,597,39304
4,35,canonical,794,42875
4,35,shifted,630,42875
4,36,canonical,840,46656
4,36,shifted,668,46656
4,37,canonical,888,50653
4,37,shifted,703,50653
4,38,canonical,938,54872
4,38,shifted,743,54872
4,39,canonical,988,59319
4,39,shifted,780,59319
4,40,canonical,1040,64000
4,40,shifted,822,64000
5,21,canonical,384,194481
5,21,shifted,316,194481
5,22,canonical,425,234256
5,22,shifted,349,234256
5,23,canonical,466,279841
5,23,shifted,377,279841
5,24,canonical,511,331776
5,24,shifted,414,331776
